{
    "Items": [
        {
            "PrefabName": "Baker_house",
            "Id": "0",
            "Position": {
                "x": 82.00653076171875,
                "y": -0.0024819374084472658,
                "z": 34.80353546142578
            },
            "Scale": {
                "x": 0.76670241355896,
                "y": 0.7667058706283569,
                "z": 0.7667021155357361
            },
            "Rotation": {
                "x": -0.6419286727905273,
                "y": 0.296525776386261,
                "z": 0.29652541875839236,
                "w": 0.6419288516044617
            }
        },
        {
            "PrefabName": "Medieval_house",
            "Id": "0",
            "Position": {
                "x": 88.99803924560547,
                "y": 0.1000058650970459,
                "z": 25.473709106445314
            },
            "Scale": {
                "x": 0.5750029683113098,
                "y": 0.5749996304512024,
                "z": 0.575002908706665
            },
            "Rotation": {
                "x": -0.0018257646588608623,
                "y": 0.4293723404407501,
                "z": -0.004599466919898987,
                "w": 0.9031140804290772
            }
        },
        {
            "PrefabName": "cornerterrace1c",
            "Id": "0",
            "Position": {
                "x": 69.7525863647461,
                "y": -0.0020873546600341799,
                "z": 6.1102294921875
            },
            "Scale": {
                "x": 0.5750042200088501,
                "y": 0.5749996900558472,
                "z": 0.5750051140785217
            },
            "Rotation": {
                "x": -2.6542693376541139e-8,
                "y": -0.7049949169158936,
                "z": 2.6077035641947078e-8,
                "w": -0.7092124223709106
            }
        },
        {
            "PrefabName": "cornerterrace1cm",
            "Id": "0",
            "Position": {
                "x": 69.52823638916016,
                "y": -0.0026154518127441408,
                "z": -3.1575679779052736
            },
            "Scale": {
                "x": 0.5750091075897217,
                "y": 0.574998676776886,
                "z": 0.575007975101471
            },
            "Rotation": {
                "x": 0.0004507750563789159,
                "y": -0.9999157190322876,
                "z": 0.00006651135481661186,
                "w": 0.012979624792933464
            }
        },
        {
            "PrefabName": "terraced1a",
            "Id": "0",
            "Position": {
                "x": 76.38258361816406,
                "y": -0.0020122528076171877,
                "z": -3.7205886840820314
            },
            "Scale": {
                "x": 0.5750036835670471,
                "y": 0.5750011205673218,
                "z": 0.5750046968460083
            },
            "Rotation": {
                "x": 0.0007937243208289146,
                "y": -0.9998874664306641,
                "z": -0.0002126842737197876,
                "w": 0.014980880543589592
            }
        },
        {
            "PrefabName": "terraced1a",
            "Id": "1",
            "Position": {
                "x": 80.96791076660156,
                "y": -0.0022745132446289064,
                "z": -3.6185503005981447
            },
            "Scale": {
                "x": 0.5750020742416382,
                "y": 0.5750007629394531,
                "z": 0.5750027894973755
            },
            "Rotation": {
                "x": -0.0015149535611271859,
                "y": -0.9999380111694336,
                "z": -0.00013939295604359359,
                "w": 0.011032461188733578
            }
        },
        {
            "PrefabName": "terraced1a",
            "Id": "2",
            "Position": {
                "x": 85.61421203613281,
                "y": -0.0019252300262451172,
                "z": -3.7182235717773439
            },
            "Scale": {
                "x": 0.5750031471252441,
                "y": 0.5750004053115845,
                "z": 0.5750036239624023
            },
            "Rotation": {
                "x": 0.000010354445294069592,
                "y": -0.99998539686203,
                "z": 0.00008989124762592837,
                "w": 0.005404053721576929
            }
        },
        {
            "PrefabName": "terraced4am",
            "Id": "0",
            "Position": {
                "x": 90.2393798828125,
                "y": -0.0019979476928710939,
                "z": -3.8879013061523439
            },
            "Scale": {
                "x": 0.5750018358230591,
                "y": 0.5750009417533875,
                "z": 0.5750008821487427
            },
            "Rotation": {
                "x": -0.000018729826479102485,
                "y": -0.0006218552007339895,
                "z": -0.00008436013740720227,
                "w": 0.9999998807907105
            }
        },
        {
            "PrefabName": "terraced3cm",
            "Id": "0",
            "Position": {
                "x": 29.259105682373048,
                "y": -0.0020873546600341799,
                "z": 7.9723358154296879
            },
            "Scale": {
                "x": 0.5750017762184143,
                "y": 0.5749995708465576,
                "z": 0.5750012993812561
            },
            "Rotation": {
                "x": -2.337619520176304e-7,
                "y": 0.1261625736951828,
                "z": 4.735775291919708e-7,
                "w": 0.9920095801353455
            }
        },
        {
            "PrefabName": "Baker_house",
            "Id": "0",
            "Position": {
                "x": 52.739315032958987,
                "y": -0.002371072769165039,
                "z": 23.119701385498048
            },
            "Scale": {
                "x": 0.5750017166137695,
                "y": 0.5750027298927307,
                "z": 0.5750005841255188
            },
            "Rotation": {
                "x": -0.5156731605529785,
                "y": -0.48381921648979189,
                "z": -0.4838184714317322,
                "w": 0.5156741142272949
            }
        },
        {
            "PrefabName": "Medieval_house",
            "Id": "0",
            "Position": {
                "x": 42.690093994140628,
                "y": 0.10068893432617188,
                "z": 20.18484115600586
            },
            "Scale": {
                "x": 0.5769304633140564,
                "y": 0.5769276022911072,
                "z": 0.5769301652908325
            },
            "Rotation": {
                "x": -0.000719899486284703,
                "y": 0.15115134418010713,
                "z": -0.0048812259919941429,
                "w": 0.9884983897209168
            }
        },
        {
            "PrefabName": "Baker_house",
            "Id": "1",
            "Position": {
                "x": 45.16846466064453,
                "y": -0.0029528141021728517,
                "z": 45.48457717895508
            },
            "Scale": {
                "x": 1.7385780811309815,
                "y": 1.7385830879211426,
                "z": 1.7385770082473755
            },
            "Rotation": {
                "x": -0.6874717473983765,
                "y": -0.1654767245054245,
                "z": -0.1654769331216812,
                "w": 0.6874716877937317
            }
        },
        {
            "PrefabName": "Barrel",
            "Id": "0",
            "Position": {
                "x": 81.58274841308594,
                "y": -0.002090930938720703,
                "z": 16.715898513793947
            },
            "Scale": {
                "x": 1.5657018423080445,
                "y": 1.5657036304473878,
                "z": 1.5657004117965699
            },
            "Rotation": {
                "x": -0.663936197757721,
                "y": -0.24328739941120149,