{
    "Items": [
        {
            "PrefabName": "Baker_house",
            "Id": "0",
            "Position": {
                "x": 82.04361724853516,
                "y": -0.002489090198650956,
                "z": 34.80353546142578
            },
            "Scale": {
                "x": 0.76670241355896,
                "y": 0.7667058706283569,
                "z": 0.7667021155357361
            },
            "Rotation": {
                "x": -0.6419286727905273,
                "y": 0.29652583599090578,
                "z": 0.29652535915374758,
                "w": 0.6419288516044617
            }
        },
        {
            "PrefabName": "Medieval_house",
            "Id": "0",
            "Position": {
                "x": 89.06730651855469,
                "y": 0.08455158025026322,
                "z": 25.47370719909668
            },
            "Scale": {
                "x": 0.5750029683113098,
                "y": 0.5749996304512024,
                "z": 0.575002908706665
            },
            "Rotation": {
                "x": -0.0018254694296047092,
                "y": 0.42937171459198,
                "z": -0.0045995404943823818,
                "w": 0.903114378452301
            }
        },
        {
            "PrefabName": "cornerterrace1c",
            "Id": "0",
            "Position": {
                "x": 69.80203247070313,
                "y": -0.0020933153573423626,
                "z": 6.1101789474487309
            },
            "Scale": {
                "x": 0.5750042200088501,
                "y": 0.5749996900558472,
                "z": 0.5750051140785217
            },
            "Rotation": {
                "x": -3.259628655882807e-8,
                "y": -0.7049946784973145,
                "z": 2.2351740014414646e-8,
                "w": -0.7092125415802002
            }
        },
        {
            "PrefabName": "cornerterrace1cm",
            "Id": "0",
            "Position": {
                "x": 69.57767486572266,
                "y": -0.014259816147387028,
                "z": -3.157580852508545
            },
            "Scale": {
                "x": 0.5750091075897217,
                "y": 0.574998676776886,
                "z": 0.575007975101471
            },
            "Rotation": {
                "x": 0.00045074138324707747,
                "y": -0.9999157190322876,
                "z": 0.0000665411280351691,
                "w": 0.01297989021986723
            }
        },
        {
            "PrefabName": "terraced1a",
            "Id": "0",
            "Position": {
                "x": 76.4320297241211,
                "y": -0.0020146372262388469,
                "z": -3.720634698867798
            },
            "Scale": {
                "x": 0.5750036835670471,
                "y": 0.5750011205673218,
                "z": 0.5750046968460083
            },
            "Rotation": {
                "x": 0.0007937233312986791,
                "y": -0.9998874664306641,
                "z": -0.0002128034393535927,
                "w": 0.014980938285589219
            }
        },
        {
            "PrefabName": "terraced1a",
            "Id": "1",
            "Position": {
                "x": 81.04204559326172,
                "y": -0.01072168443351984,
                "z": -3.618605852127075
            },
            "Scale": {
                "x": 0.5750020742416382,
                "y": 0.5750007629394531,
                "z": 0.5750027894973755
            },
            "Rotation": {
                "x": -0.0015149513492360712,
                "y": -0.9999380111694336,
                "z": -0.0001391693513141945,
                "w": 0.01103224977850914
            }
        },
        {
            "PrefabName": "terraced1a",
            "Id": "2",
            "Position": {
                "x": 85.67034912109375,
                "y": -0.0019252302590757609,
                "z": -3.7182791233062746
            },
            "Scale": {
                "x": 0.5750031471252441,
                "y": 0.5750004053115845,
                "z": 0.5750036239624023
            },
            "Rotation": {
                "x": 0.000010371210919402074,
                "y": -0.9999854564666748,
                "z": 0.00008986891043605283,
                "w": 0.005403995048254728
            }
        },
        {
            "PrefabName": "terraced4am",
            "Id": "0",
            "Position": {
                "x": 90.29576873779297,
                "y": -0.0019967558328062298,
                "z": -3.888071060180664
            },
            "Scale": {
                "x": 0.5750018358230591,
                "y": 0.5750009417533875,
                "z": 0.5750008821487427
            },
            "Rotation": {
                "x": -0.000018753578842733987,
                "y": -0.0006221830262802541,
                "z": -0.00008430612069787458,
                "w": 0.9999998807907105
            }
        },
        {
            "PrefabName": "terraced3cm",
            "Id": "0",
            "Position": {
                "x": 38.26078414916992,
                "y": -0.002089739078655839,
                "z": 4.939899444580078
            },
            "Scale": {
                "x": 0.5750017762184143,
                "y": 0.5749995708465576,
                "z": 0.5750012993812561
            },
            "Rotation": {
                "x": -2.635642886161804e-7,
                "y": 0.12616263329982758,
                "z": 4.4540499288814319e-7,
                "w": 0.9920096397399902
            }
        },
        {
            "PrefabName": "Baker_house",
            "Id": "0",
            "Position": {
                "x": 52.739322662353519,
                "y": -0.002425909275189042,
                "z": 23.119686126708986
            },
            "Scale": {
                "x": 0.5750017166137695,
                "y": 0.5750027298927307,
                "z": 0.5750005841255188
            },
            "Rotation": {
                "x": -0.5156731605529785,
                "y": -0.4838191568851471,
                "z": -0.4838184714317322,
                "w": 0.5156742334365845
            }
        },
        {
            "PrefabName": "Medieval_house",
            "Id": "0",
            "Position": {
                "x": 42.69010925292969,
                "y": 0.09217739850282669,
                "z": 20.184831619262697
            },
            "Scale": {
                "x": 0.5769304633140564,
                "y": 0.5769276022911072,
                "z": 0.5769301652908325
            },
            "Rotation": {
                "x": -0.000719904899597168,
                "y": 0.1511513590812683,
                "z": -0.0048812320455908779,
                "w": 0.988498330116272
            }
        },
        {
            "PrefabName": "Baker_house",
            "Id": "1",
            "Position": {
                "x": 45.16884994506836,
                "y": -0.01141905877739191,
                "z": 45.48454666137695
            },
            "Scale": {
                "x": 1.7385780811309815,
                "y": 1.7385830879211426,
                "z": 1.7385770082473755
            },
            "Rotation": {
                "x": -0.6874724626541138,
                "y": -0.16547663509845735,
                "z": -0.1654759794473648,
                "w": 0.687471330165863
            }
        },
        {
            "PrefabName": "Barrel",
            "Id": "0",
            "Position": {
                "x": 81.65689849853516,
                "y": -0.0021123888436704876,
                "z": 16.71583366394043
            },
            "Scale": {
                "x": 1.5657018423080445,
                "y": 1.5657036304473878,
                "z": 1.5657004117965699
            },
            "Rotation": {
                "x": -0.6639363169670105,
                "y": -0.24329136312007905,