{
    "Items": [
        {
            "PrefabName": "Baker_house",
            "Id": "0",
            "Position": {
                "x": 100.23455810546875,
                "y": 2.572990655899048,
                "z": 14.536466598510743
            },
            "Scale": {
                "x": 0.5750000476837158,
                "y": 0.5750018358230591,
                "z": 0.5750015377998352
            }
        },
        {
            "PrefabName": "Baker_house",
            "Id": "1",
            "Position": {
                "x": 83.69132232666016,
                "y": 1.983557939529419,
                "z": 8.048877716064454
            },
            "Scale": {
                "x": 0.5750013589859009,
                "y": 0.5750020742416382,
                "z": 0.5750013589859009
            }
        }
    ]
}